first: a
last: m
email: m
attend: 1


a|m|m|1

a|m|m|1

a|m|m|1

a|m|m|1

jackie|eschbach|testemail@mail|1

a|m|m|1

jackie|eschbach|testing new form@email|1

jackie|eschbach|test@withnewthankyou|0

jackie|eschbach|test@withnewthankyou|0

jackie|eschbach|test@withnewthankyou|0

jackie|eschbach|test@withnewthankyou|0

jackie|eschbach|test@to see if repeats|0

jackie|eschbach|test@checkingagain|0

jackie|eschbach|testing@lasttime|0

jackie|eschbach|testing@lasttime|0

jladfj|l;kjalskdfj|lsakjflkdj|1

test|test|trestinfgndaflsdkjfl;|0

test|test|trestinfgndaflsdkjfl;|0

adlfjl;sj|ljdlskfjl;kj|ljdaslfkjsdklf|1

test|test|test|1

David|Barnes|dbarnes@sas.upenn.edu|1

McCloskey|Laura|lmcclosk@ssw.upenn.edu|1

Rob|DeRubeis|derubeis@psych.upenn.edu|1

Timothy|Corrigan|tcorriga@sas.upenn.edu|1

Marcia|Ferguson|marciaf@sas.upenn.edu|1

Joretha|Bourjolly|jerri@ssw.upenn.edu|1

Henry|Teune|hteune@sas.upenn.edu|1

Nancy |Hirschmann|njh@sas.upenn.edu|1

Kathleen|Hall|kdhall@gse.upenn.edu|1

Detlef|Mertins|mertins@design.upenn.edu|1

Saikat|Chaudhuri|saikatc@wharton.upenn.edu|1

Brigitte|Madrian|bmadrian@wharton.upenn.edu|1

Dr. Corinne |Sweeney|csweeney@vet.upenn.edu|1

Afaf|Meleis|meleis@nursing.upenn.edu|0

Katherine|Sender|ksender@asc.upenn.edu|1

Kent|Smetters|smetters@wharton.upenn.edu|1

oscar|gandy|ogandy@asc.upenn.edu|1

Ivan|Dmochowski|ivandmo@sas.upenn.edu|1

Terry|Richmond|terryr@nursing.upenn.edu|1

Patrick|Harker|harker@wharton.upenn.edu|0

Trevor|Penning|penning@pharm.med.upenn.edu|0

Nicola |Persico|persico@ssc.upenn.edu|0

Janice|Bellace|bellace@wharton.upenn.edu|1

Grace|Wong|wongg@wharton.upenn.edu|1

Gail|Smith|smithgk@vet.upenn.edu|1

David|Grazian|dgrazian@soc.upenn.edu|1

Marc|Banner|marc.banner@uphs.upenn.edu|1

Sunday|Akintoye|akintoye@dental.upenn.edu|1

Samuel|Preston|spreston@sas.upenn.edu|1

Amos|Smith|smithab@sas.upenn.edu|1

Erlinda|Juliano|ejuliano@sas.upenn.edu|1

Peter|Dodson|dodsonp@vet.upenn.edu|1

Katherine|Schultz|kathys@gse.upenn.edu|0

Norma |Cuellar|ncuellar@nursing.upenn.edu|1

Richard M|Leventhal|rml@sas.upenn.edu|1

Ian|Lustick|ilustick@sas.upenn.edu|0

George|Pappas|pappasg@ee.upenn.edu|1

Christos|Coutifaris|ccoutifaris@obgyn.upenn.edu|1

Erling|Boe|boe@pobox.upenn|0

Michael|Weisberg|weisberg@phil.upenn.edu|1

Patricia|Danzon|danzon@wharton.upenn.edu|1

David |Balamuth|jknapp@sas.upenn.edu|0

Benjamin|Pierce|bcpierce@cis.upenn.edu|1

James  |Ross|jross@sas.upenn.edu|1

David|Ludden|dludden@sas.upenn.edu|0

Akira|Kaji|kaji@mail.med.upenn.edu|1

Thomas |. Sollecito|tps@pobox.upenn.edu|0

Frederic|Bushman|bushman@mail.med.upenn.edu|1

Virginia|Lee|vmylee@mail.med.upenn.edu|0

Christine|Bradway|cwb@nursing.upenn.edu|1

Ann|Slaughter|yas@pobox.upenn.edu|1

Morris|Birnbaum|birnbaum@mail.med.upenn.edu|0

Michael|Selzer|selzerm@mail.med.upenn.edu|1

William|Holmes|holmeswc@mail.med.upenn.edu|1

Dan |Wagner|wagner@literacy.upenn.edu|1

Mark L.|Tykocinski, MD|mlt4@mail.med.upenn.edu|1

Flaura|Winston|flaura@mail.med.upenn.edu|1

Nigel|Fraser|nfraser@mail.med.upenn.edu|1

Terri E.|Weaver|tew@nursing.upenn.edu|0

Ellen|Giarelli|giarelli@nursing.upenn.edu|1

Michael|Zuckerman|mzuckerm@history.upenn.edu|1

Michael|Zuckerman|mzuckerm@history.upenn.edu|1

Daniel|Kessler|kesslerd@mail.med.upenn.edu|1

Patricia|Labosky|plabosky@mail.med.upenn.edu|1

Howard|Herrmann|howard.herrmann@uphs.upenn.edu|1

Diane|Gaertner|gaertner@pobox.upenn.edu|1

John|DiIulio|sheriac1@sas.upenn.edu|1

Harold|Feldman|hfeldman@cceb.med.upenn.edu|0

David|Elder|elder@mail.med.upenn.edu|0

Nien-hê|Hsieh|nhsieh@wharton.upenn.edu|1

Richard|Schultz|rschultz@sas.upenn.edu|1

Jeffrey|Wortman|wortman@vet.upenn.edu|1

test|test|testing@test|0

test|test|testing@test|0

test|test|testing@test|0

test|test|testing@test|0

test|test|testing@test|0

Karen |Beckman|beckmank@sas.upenn.edu|0

Laurence|Buxbaum|buxbaum@mail.med.upenn.edu|1

Ania |Loomba|Loomba@sas.upenn.edu|0

Michael |Katz|mkatz@sas.upenn.edu|1

William|Armstead|armsteaw@uphs.upenn.edu|1

William|Armstead|armsteaw@uphs.upenn.edu|1

William|Armstead|armsteaw@uphs.upenn.edu|1

William|Armstead|armsteaw@uphs.upenn.edu|1

tre|ert|ert|0

tre|ert|ert|0

John|Keene|keenej@design.upenn.edu|1

Daniel|Albert|albertd@mail.med.upenn.edu|1

William |Armstead|armsteaw@uphs.upenn.edu|1

Richard|Lackman|rilack@pahosp.com|1

Luigi|Mastroianni|lmastroianni@obgyn.upenn.edu|1

Richard|Zorowitz|richard.zorowitz@mail.med.upenn.edu|1

Richard|Salcido|richard.salcido@uphs.upenn.edu|1

William|DeGrado|wdegrado@mail.med.upenn.edu|0

Ali|Jadbabaie|jadbabai@seas.upenn.edu|1

Peggy|Sanday|psanday@sas.upenn.edu|1

Peggy|Sanday|psanday@sas.upenn.edu|1

Howard |Kunreuther|kunreuther@wharton.upenn.edu|1

Greg|Enders|endersgh@mail.med.upenn.edu|1

joseph|rykwert|rykwert@design.upenn.edu|1

Kelly|Jordan-Sciutto|jordan@path.dental.upenn.edu|1

Sherrill|Adams|sherri@biochem.dental.upenn.edu|1

Malseed|Zoriana|zmalseed@nursing.upenn.edu|1

Stephanie|Weirich|sweirich@cis.upenn.edu|1

Daniel|Raff|raff@wharton.upenn.edu|1

Betsey|Stevenson|betseys@wharton.upenn.edu|1

GAIL|MORRISON|morrisog@mail.med.upenn.edu|1

John Dixon|Hunt|jdhunt@design.upenn.edu|1

Charles|Bernstein|charles.bernstein@english.upenn.edu|1

Joseph|Straton|joseph.straton@uphs.upenn.edu|1

William|James, M.D.|william.james@uphs.upenn.edu|1

Barker|Clyde|clyde.barker@uphs.upenn.edu|0

charles |dwyer|chuckd@gse.upenn.edu|1

Eileen|Shore|shore@mail.med.upenn.edu|1

Carlos|Alonso|calonso@sas.upenn.edu|1

Paul|Ducheyne|ducheyne@seas.upenn.edu|1

Judith|Buchanan|jbuchana@pobox.upenn.edu|1

ning|song|ningsong@seas|1

Lawrence|Sipe|lsipe@gse.upenn.edu|1

Peter|Berthold|berthold@pobox.upenn.edu|1

Sandra|Bates-Kenney|batekenn@mail.med.upenn.edu|1

Ruderman|David|ruderman@sas.upenn.edu|1

Jane|Barnsteiner|barnstnr@nursing.upenn.edu|0

Heather|Love|loveh@english.upenn.edu|1

Sarah|Igo|sarahigo@sas.upenn.edu|0

Sylvia|Rosas|sylvia.rosas@uphs.upenn.edu|1

David |De Long|ddelong@design.upenn.edu|0

Tom|Lubensky|tom@physics.upenn.edu|1

Kostas|Daniilidis|kostas@cis.upenn.edu|1

Samuel|Preston|spreston@sas.upenn.edu|0

Al|Filreis|afilreis@writing.upenn.edu|1

Katherine |Sender|ksender@asc.upenn.edu|1

susan|wachter|wachter@wharton.upenn.edu|1

Alan |Rosenquist|rosenqui@mail.med.upenn.edu|1

Cora|Olgyay|olgyay@design.upenn.edu|1

Martin |Fishbein|mfishbein@asc.upenn.edu|1

David|NUNAMAKER|dmn@vet.upenn.edu|1

Ilana|Reisner|reisner@vet.upenn.edu|1

Richard |Miselis|rmiselis@vet.upenn.edu|1

Carol|Muller|camuller@sas.upenn.edu|1

Marsha|Lester|milester@sas.upenn.edu|1

Peter|Struck|struck@sas.upenn.edu|1

John|Cebra|jcebra@sas.upenn.edu|0

Charles|Bernstein|charles.bernstein@english.upenn.edu|0

Daniel|Richter|drichter@history.upenn.edu|1

Jill|Beech|Jbeech@vet.upenn.edu|1

edward |peters|empeters@sas.upenn.edu|1

Nancy|Hirschmann|njh@sas.upenn.edu|1

Heather|Sharkey|hsharkey@sas.upenn.edu|1

John|Richetti|jrichett@english.upenn.edu|1

Paul|Allison|allison@soc.upenn.edu|1

Eisenberg|Roselyn|roselyn@biochem.dental.upenn.edu|1

Lisa|Bouillion|lmb@gse.upenn.edu|1

Janice|Madden|madden@ssc.upenn.edu|1

Greg|Urban|gurban@sas.upenn.edu|1

Ann|Matter|amatter@ccat.sas.upenn.edu|0

Rebecca |Maynard|rmaynard@gse.upenn.edu|1

Antonio|Feros|aferos@sas.upenn.edu|1

Timothy|Corrigan|tcorriga@sas|1

Mattie|Hendrick|mattie@vet.upenn.edu|1

Maurice|Samuels|samuelsm@sas.upenn.edu|0

Maurice|Samuels|samuelsm@sas.upenn.edu|0

Rachel|Weinberger|rrw@design.upenn.edu|1

Petra|Todd|petra@athena.sas.upenn.edu|1

John|Keene|keenej@design.upenn.edu|1

Bethany|Wiggin|bwiggin@sas.upenn.edu|1

Melvyn|Hammarberg|mhammarb@ccat.sas|1

Lynne|Sagalyn|lsagalyn@pobox.upenn.edu|1

Philip|Rea|parea@sas.upenn.edu|1

Laurie |Churchman|lchurchm@design.upenn.edu|1

Irma|Elo|popelo@pop.upenn.edu|1

Ellen |Kennedy|ekennedy@sas.upenn.edu|1

Ellen |Kennedy|ekennedy@sas.upenn.edu|1

Ellen |Kennedy|ekennedy@sas.upenn.edu|1

steven|matthews|stevenma@econ.upenn.edu|1

Robert|Engs|rengs@sas.upenn.edu|1

Gregg|Fromell|gfromell@mail.med.upenn.edu|1

Ronald|Collman|collmanr@mail.med.upenn.edu|1

Michael|Ostap|ostap@mail.med.upenn.edu|0

Donald|Buerk|buerk@seas.upenn.edu|1

donald|silberberg|silberbe@mail.med.upenn.edu|0

Laurence|Buxbaum|buxbaum@mail.med.upenn.edu|1

Jerry|Jacobs|jjacobs@sas.upenn.edu|1

william |james|william.james@uphs.upenn.edu|1

Thomas|Van Winkle|tomvw@vet.upenn.edu|1

William|Long|longw@mail.med.upenn.edu|1

Jerilynn|Radcliffe|radcliffe@email.chop.edu|1

Kwaku|Ohene-Frempong|ohene-frempong@email.chop.edu|1

Mastroianni|Luigi|lmastroianni@obgyn.upenn.edu|1

Akira|Kaji|kaji@mail.med.upenn.edu|1

Jing|Li|jing.li@econ.upenn.edu|1

Richard |dOTY|doty@mail.med.upenn.edu|1

Ian|Bennett|ian.bennett@uphs.upenn.edu|1

Alden|Doyle|malden@mail.med.upenn.edu|1

Steven|Sondheimer|ssondheimer@obgyn.upenn.edu|1

John|Rose|rose@email.chop.edu|1

Jeffrey |Berns|bernsj@uphs.upenn.edu|1

Lee|Goldberg|lee.goldberg@uphs.upenn.edu|1

Jacobs|Ian|jacobsi@email.chop.edu|1

Mark|Forman|formanm@mail.med.upenn.edu|1

Frederic|Bushman|Bushman@mail.med.upenn.edu|1

P. Leslie|Dutton|dutton@mail.med.upenn.edu|0

daniel|heitjan|dheitjan@cceb.upenn.edu|1

Michael|Mennuti|mmennuti@obgyn.upenn.edu|1

Harvey|Friedman|hfriedma@mail.med.upenn.edu|1

Talya|Fishman|tfishman@sas.upenn.edu|1

Liebman|Paul|liebmanp@mail.med.upenn.edu|1

christos|davatzikos|christos.davatzikos@uphs.upenn.edu|1

Sankey|Williams|sankey@wharton.upenn.edu|0

Judith|Fisher|judith.fisher@uphs.upenn.edu|1

DuPont|Guerry|guerry@mail.med.upenn.edu|1

Cristle Collins|Judd|cjudd@sas.upenn.edu|1

Robin|Leidner|rleidner@sas.upenn.edu|1

Paul|Guyer|pguyer@phil.upenn.edu|1

Paul|Guyer|pguyer@phil.upenn.edu|1

Kathy|Peiss|peiss@sas.upenn.edu|1

David |Stern|dstern@ccat.sas.upenn.edu|1

Brian|Keith|bkeith@mail.med.upenn.edu|1

James|Lok|jlok@vet.upenn.edu|1

Michael Anne|Gratton|graqttonm@mail.med.upenn.edu|1

Benjamin|Pierce|bcpierce@cis.upenn.edu|1

Abass|Alavi|abass.alavi@uphs.upenn.edu|1

Seymour|Mandelbaum|mandel@pobox.upenn.edu|1

Seymour|Mandelbaum|mandel@pobox.upenn.edu|1

Senthil|Veeraraghavan|senthilv@cmu.edu|0

Norman|Badler|badler@seas.upenn.edu|1

Tony|Smith|tesmith@seas.upenn.edu|0

Peter|Gruber|pgruber@mail.med.upenn.edu|1

Leif|Finkel|leif@neuroengineering.upenn.edu|1

Stuart W. |Churchill|churchil@seas.upenn.edu|1

Victoria |Vetter|vetter@email.chop.edu|1

Dwight|Jaggard|jaggard@seas.upenn.edu|1

Zack|Ives|zives@cis.upenn.edu|1

David|Pope|pope@seas.upenn.edu|1

Tony|Smith|tesmith@seas.upenn.edu|1

scott|cook-sather, md|sather@email.chop.edu|0

Don|Kettl|dkettl@sas.upenn.edu|1

Barbara|Zangerl|bzangerl@vet.upenn.edu|0

Nabil|Farhat|farhat@ee.upenn.edu|1

Michael|Mennuti|mmennuti@obgyn.upennl.edu|1

Chanita|Hughes-Halbert|chanita@mail.med.upenn.edu|0

Wayne|Worrell|worrell@seas.upenn.edu|1

Vukan|Vuchic|vuchic@seas.upenn.edu|1

JEMMOTT|LORETTA|jemmott@nursing.upenn.edu|1

Gennaro|Susan|gennaro@nursing.upenn.edu|1

Patrick|Brennan|pj.brennan@uphs.upenn.edu|1

Gary|Tomlinson|gatomlin@sas|1

Monica|Calkins|mcalkins@bbl.med.upenn.edu|1

Gary |Cohen|cohen@biochem.dental.upenn.edu|1

Susan|Meyer|smeyer@phil.upenn.edu|1

jeanne|Vissa|jeannev@gse.upenn.edu|1

Noam|Lior|lior@seas.upenn.edu|1

Noga |Vardi|noga@retina.anatomy.upenn.edu|1

Russell |Composto|composto@lrsm.upenn.edu|1

Herman |Beavers|hbeavers@english.upenn.edu|1

Kyle|Kampman|kampman_k@mail.trc.upenn.edu|0

Vincent|Price|vprice@asc.upenn.edu|1

Julie Nelson |Davis|jndavis@sas.upenn.edu|1

Lee|Cassanelli|lcassane@sas.upenn.edu|1

Lee|Cassanelli|lcassane@sas.upenn.edu|1

Louis|Girifalco|lag@seas.upenn.edu|1

Ann|Moyer|m,oyer@sas.upenn.edu|1

robert|rutman|rjr@vet.upenn.edu|1

Susan|Gennaro|gennaro@nursing.upenn.edu|1

Steve|Zdancewic|stevez@cis.upenn.edu|1

Arnold|Rosoff|rosoffa@wharton.upenn.edu|1

Edward|Macarak|macarak@biochem.dental.upenn.edu|1

Susan|Fuhrman|susanf@gse.upenn.edu|1

Jay|Reise|jreise@sas.upenn.edu|1
